<?xml version="1.0"?>
<hostmot2>
    <boardname>5I23</boardname>
    <ioports>3</ioports>
    <iowidth>72</iowidth>
    <portwidth>24</portwidth>
    <clocklow>48000000</clocklow>
    <clockhigh>96000000</clockhigh>
    <modules>
        <module>
            <tagname>WatchDog</tagname>
            <numinstances> 1</numinstances>
        </module>
        <module>
            <tagname>IOPort</tagname>
            <numinstances> 3</numinstances>
        </module>
        <module>
            <tagname>ResolverMod</tagname>
            <numinstances> 1</numinstances>
        </module>
        <module>
            <tagname>PWMGen</tagname>
            <numinstances> 6</numinstances>
        </module>
        <module>
            <tagname>LED</tagname>
            <numinstances> 1</numinstances>
        </module><module>
            <tagname>None</tagname>
            <numinstances> 1</numinstances>
        </module>
    </modules>
    <pins>
        <pin>
            <connector>P2</connector>
            <secondarymodulename>PWMGen</secondarymodulename>
            <secondaryfunctionname>/Enable (Out)</secondaryfunctionname>
            <secondaryinstance> 0</secondaryinstance>
        </pin>
        <pin>
            <connector>P2</connector>
            <secondarymodulename>ResolverMod</secondarymodulename>
            <secondaryfunctionname>PwrEn (Out)</secondaryfunctionname>
            <secondaryinstance> 0</secondaryinstance>
        </pin>
        <pin>
            <connector>P2</connector>
            <secondarymodulename>ResolverMod</secondarymodulename>
            <secondaryfunctionname>SPIDI0 (In)</secondaryfunctionname>
            <secondaryinstance> 0</secondaryinstance>
        </pin>
        <pin>
            <connector>P2</connector>
            <secondarymodulename>ResolverMod</secondarymodulename>
            <secondaryfunctionname>SPIDI1 (In)</secondaryfunctionname>
            <secondaryinstance> 0</secondaryinstance>
        </pin>
        <pin>
            <connector>P2</connector>
            <secondarymodulename>ResolverMod</secondarymodulename>
            <secondaryfunctionname>ADChan2 (Out)</secondaryfunctionname>
            <secondaryinstance> 0</secondaryinstance>
        </pin>
        <pin>
            <connector>P2</connector>
            <secondarymodulename>ResolverMod</secondarymodulename>
            <secondaryfunctionname>ADChan1 (Out)</secondaryfunctionname>
            <secondaryinstance> 0</secondaryinstance>
        </pin>
        <pin>
            <connector>P2</connector>
            <secondarymodulename>ResolverMod</secondarymodulename>
            <secondaryfunctionname>ADChan0 (Out)</secondaryfunctionname>
            <secondaryinstance> 0</secondaryinstance>
        </pin>
        <pin>
            <connector>P2</connector>
            <secondarymodulename>ResolverMod</secondarymodulename>
            <secondaryfunctionname>SPIClk (Out)</secondaryfunctionname>
            <secondaryinstance> 0</secondaryinstance>
        </pin>
        <pin>
            <connector>P2</connector>
            <secondarymodulename>ResolverMod</secondarymodulename>
            <secondaryfunctionname>SPICS (Out)</secondaryfunctionname>
            <secondaryinstance> 0</secondaryinstance>
        </pin>
        <pin>
            <connector>P2</connector>
            <secondarymodulename>ResolverMod</secondarymodulename>
            <secondaryfunctionname>PDMM (Out)</secondaryfunctionname>
            <secondaryinstance> 0</secondaryinstance>
        </pin>
        <pin>
            <connector>P2</connector>
            <secondarymodulename>ResolverMod</secondarymodulename>
            <secondaryfunctionname>PDMP (Out)</secondaryfunctionname>
            <secondaryinstance> 0</secondaryinstance>
        </pin>
        <pin>
            <connector>P2</connector>
            <secondarymodulename>PWMGen</secondarymodulename>
            <secondaryfunctionname>PWM/Up (Out)</secondaryfunctionname>
            <secondaryinstance> 0</secondaryinstance>
        </pin>
        <pin>
            <connector>P2</connector>
            <secondarymodulename>PWMGen</secondarymodulename>
            <secondaryfunctionname>Dir/Down (Out)</secondaryfunctionname>
            <secondaryinstance> 0</secondaryinstance>
        </pin>
        <pin>
            <connector>P2</connector>
            <secondarymodulename>PWMGen</secondarymodulename>
            <secondaryfunctionname>PWM/Up (Out)</secondaryfunctionname>
            <secondaryinstance> 1</secondaryinstance>
        </pin>
        <pin>
            <connector>P2</connector>
            <secondarymodulename>PWMGen</secondarymodulename>
            <secondaryfunctionname>Dir/Down (Out)</secondaryfunctionname>
            <secondaryinstance> 1</secondaryinstance>
        </pin>
        <pin>
            <connector>P2</connector>
            <secondarymodulename>PWMGen</secondarymodulename>
            <secondaryfunctionname>PWM/Up (Out)</secondaryfunctionname>
            <secondaryinstance> 2</secondaryinstance>
        </pin>
        <pin>
            <connector>P2</connector>
            <secondarymodulename>PWMGen</secondarymodulename>
            <secondaryfunctionname>Dir/Down (Out)</secondaryfunctionname>
            <secondaryinstance> 2</secondaryinstance>
        </pin>
        <pin>
            <connector>P2</connector>
            <secondarymodulename>PWMGen</secondarymodulename>
            <secondaryfunctionname>PWM/Up (Out)</secondaryfunctionname>
            <secondaryinstance> 3</secondaryinstance>
        </pin>
        <pin>
            <connector>P2</connector>
            <secondarymodulename>PWMGen</secondarymodulename>
            <secondaryfunctionname>Dir/Down (Out)</secondaryfunctionname>
            <secondaryinstance> 3</secondaryinstance>
        </pin>
        <pin>
            <connector>P2</connector>
            <secondarymodulename>PWMGen</secondarymodulename>
            <secondaryfunctionname>PWM/Up (Out)</secondaryfunctionname>
            <secondaryinstance> 4</secondaryinstance>
        </pin>
        <pin>
            <connector>P2</connector>
            <secondarymodulename>PWMGen</secondarymodulename>
            <secondaryfunctionname>Dir/Down (Out)</secondaryfunctionname>
            <secondaryinstance> 4</secondaryinstance>
        </pin>
        <pin>
            <connector>P2</connector>
            <secondarymodulename>PWMGen</secondarymodulename>
            <secondaryfunctionname>PWM/Up (Out)</secondaryfunctionname>
            <secondaryinstance> 5</secondaryinstance>
        </pin>
        <pin>
            <connector>P2</connector>
            <secondarymodulename>PWMGen</secondarymodulename>
            <secondaryfunctionname>Dir/Down (Out)</secondaryfunctionname>
            <secondaryinstance> 5</secondaryinstance>
        </pin>
        <pin>
            <connector>P2</connector>
            <secondarymodulename>PWMGen</secondarymodulename>
            <secondaryfunctionname>/Enable (Out)</secondaryfunctionname>
            <secondaryinstance> 0</secondaryinstance>
        </pin>
        <pin>
            <connector>P3</connector>
            <secondarymodulename>None</secondarymodulename>
            <secondaryfunctionname>Not Used</secondaryfunctionname>
            <secondaryinstance> 0</secondaryinstance>
        </pin>
        <pin>
            <connector>P3</connector>
            <secondarymodulename>None</secondarymodulename>
            <secondaryfunctionname>Not Used</secondaryfunctionname>
            <secondaryinstance> 0</secondaryinstance>
        </pin>
        <pin>
            <connector>P3</connector>
            <secondarymodulename>None</secondarymodulename>
            <secondaryfunctionname>Not Used</secondaryfunctionname>
            <secondaryinstance> 0</secondaryinstance>
        </pin>
        <pin>
            <connector>P3</connector>
            <secondarymodulename>None</secondarymodulename>
            <secondaryfunctionname>Not Used</secondaryfunctionname>
            <secondaryinstance> 0</secondaryinstance>
        </pin>
        <pin>
            <connector>P3</connector>
            <secondarymodulename>None</secondarymodulename>
            <secondaryfunctionname>Not Used</secondaryfunctionname>
            <secondaryinstance> 0</secondaryinstance>
        </pin>
        <pin>
            <connector>P3</connector>
            <secondarymodulename>None</secondarymodulename>
            <secondaryfunctionname>Not Used</secondaryfunctionname>
            <secondaryinstance> 0</secondaryinstance>
        </pin>
        <pin>
            <connector>P3</connector>
            <secondarymodulename>None</secondarymodulename>
            <secondaryfunctionname>Not Used</secondaryfunctionname>
            <secondaryinstance> 0</secondaryinstance>
        </pin>
        <pin>
            <connector>P3</connector>
            <secondarymodulename>None</secondarymodulename>
            <secondaryfunctionname>Not Used</secondaryfunctionname>
            <secondaryinstance> 0</secondaryinstance>
        </pin>
        <pin>
            <connector>P3</connector>
            <secondarymodulename>None</secondarymodulename>
            <secondaryfunctionname>Not Used</secondaryfunctionname>
            <secondaryinstance> 0</secondaryinstance>
        </pin>
        <pin>
            <connector>P3</connector>
            <secondarymodulename>None</secondarymodulename>
            <secondaryfunctionname>Not Used</secondaryfunctionname>
            <secondaryinstance> 0</secondaryinstance>
        </pin>
        <pin>
            <connector>P3</connector>
            <secondarymodulename>None</secondarymodulename>
            <secondaryfunctionname>Not Used</secondaryfunctionname>
            <secondaryinstance> 0</secondaryinstance>
        </pin>
        <pin>
            <connector>P3</connector>
            <secondarymodulename>None</secondarymodulename>
            <secondaryfunctionname>Not Used</secondaryfunctionname>
            <secondaryinstance> 0</secondaryinstance>
        </pin>
        <pin>
            <connector>P3</connector>
            <secondarymodulename>None</secondarymodulename>
            <secondaryfunctionname>Not Used</secondaryfunctionname>
            <secondaryinstance> 0</secondaryinstance>
        </pin>
        <pin>
            <connector>P3</connector>
            <secondarymodulename>None</secondarymodulename>
            <secondaryfunctionname>Not Used</secondaryfunctionname>
            <secondaryinstance> 0</secondaryinstance>
        </pin>
        <pin>
            <connector>P3</connector>
            <secondarymodulename>None</secondarymodulename>
            <secondaryfunctionname>Not Used</secondaryfunctionname>
            <secondaryinstance> 0</secondaryinstance>
        </pin>
        <pin>
            <connector>P3</connector>
            <secondarymodulename>None</secondarymodulename>
            <secondaryfunctionname>Not Used</secondaryfunctionname>
            <secondaryinstance> 0</secondaryinstance>
        </pin>
        <pin>
            <connector>P3</connector>
            <secondarymodulename>None</secondarymodulename>
            <secondaryfunctionname>Not Used</secondaryfunctionname>
            <secondaryinstance> 0</secondaryinstance>
        </pin>
        <pin>
            <connector>P3</connector>
            <secondarymodulename>None</secondarymodulename>
            <secondaryfunctionname>Not Used</secondaryfunctionname>
            <secondaryinstance> 0</secondaryinstance>
        </pin>
        <pin>
            <connector>P3</connector>
            <secondarymodulename>None</secondarymodulename>
            <secondaryfunctionname>Not Used</secondaryfunctionname>
            <secondaryinstance> 0</secondaryinstance>
        </pin>
        <pin>
            <connector>P3</connector>
            <secondarymodulename>None</secondarymodulename>
            <secondaryfunctionname>Not Used</secondaryfunctionname>
            <secondaryinstance> 0</secondaryinstance>
        </pin>
        <pin>
            <connector>P3</connector>
            <secondarymodulename>None</secondarymodulename>
            <secondaryfunctionname>Not Used</secondaryfunctionname>
            <secondaryinstance> 0</secondaryinstance>
        </pin>
        <pin>
            <connector>P3</connector>
            <secondarymodulename>None</secondarymodulename>
            <secondaryfunctionname>Not Used</secondaryfunctionname>
            <secondaryinstance> 0</secondaryinstance>
        </pin>
        <pin>
            <connector>P3</connector>
            <secondarymodulename>None</secondarymodulename>
            <secondaryfunctionname>Not Used</secondaryfunctionname>
            <secondaryinstance> 0</secondaryinstance>
        </pin>
        <pin>
            <connector>P3</connector>
            <secondarymodulename>None</secondarymodulename>
            <secondaryfunctionname>Not Used</secondaryfunctionname>
            <secondaryinstance> 0</secondaryinstance>
        </pin>
        <pin>
            <connector>P4</connector>
            <secondarymodulename>None</secondarymodulename>
            <secondaryfunctionname>Not Used</secondaryfunctionname>
            <secondaryinstance> 0</secondaryinstance>
        </pin>
        <pin>
            <connector>P4</connector>
            <secondarymodulename>None</secondarymodulename>
            <secondaryfunctionname>Not Used</secondaryfunctionname>
            <secondaryinstance> 0</secondaryinstance>
        </pin>
        <pin>
            <connector>P4</connector>
            <secondarymodulename>None</secondarymodulename>
            <secondaryfunctionname>Not Used</secondaryfunctionname>
            <secondaryinstance> 0</secondaryinstance>
        </pin>
        <pin>
            <connector>P4</connector>
            <secondarymodulename>None</secondarymodulename>
            <secondaryfunctionname>Not Used</secondaryfunctionname>
            <secondaryinstance> 0</secondaryinstance>
        </pin>
        <pin>
            <connector>P4</connector>
            <secondarymodulename>None</secondarymodulename>
            <secondaryfunctionname>Not Used</secondaryfunctionname>
            <secondaryinstance> 0</secondaryinstance>
        </pin>
        <pin>
            <connector>P4</connector>
            <secondarymodulename>None</secondarymodulename>
            <secondaryfunctionname>Not Used</secondaryfunctionname>
            <secondaryinstance> 0</secondaryinstance>
        </pin>
        <pin>
            <connector>P4</connector>
            <secondarymodulename>None</secondarymodulename>
            <secondaryfunctionname>Not Used</secondaryfunctionname>
            <secondaryinstance> 0</secondaryinstance>
        </pin>
        <pin>
            <connector>P4</connector>
            <secondarymodulename>None</secondarymodulename>
            <secondaryfunctionname>Not Used</secondaryfunctionname>
            <secondaryinstance> 0</secondaryinstance>
        </pin>
        <pin>
            <connector>P4</connector>
            <secondarymodulename>None</secondarymodulename>
            <secondaryfunctionname>Not Used</secondaryfunctionname>
            <secondaryinstance> 0</secondaryinstance>
        </pin>
        <pin>
            <connector>P4</connector>
            <secondarymodulename>None</secondarymodulename>
            <secondaryfunctionname>Not Used</secondaryfunctionname>
            <secondaryinstance> 0</secondaryinstance>
        </pin>
        <pin>
            <connector>P4</connector>
            <secondarymodulename>None</secondarymodulename>
            <secondaryfunctionname>Not Used</secondaryfunctionname>
            <secondaryinstance> 0</secondaryinstance>
        </pin>
        <pin>
            <connector>P4</connector>
            <secondarymodulename>None</secondarymodulename>
            <secondaryfunctionname>Not Used</secondaryfunctionname>
            <secondaryinstance> 0</secondaryinstance>
        </pin>
        <pin>
            <connector>P4</connector>
            <secondarymodulename>None</secondarymodulename>
            <secondaryfunctionname>Not Used</secondaryfunctionname>
            <secondaryinstance> 0</secondaryinstance>
        </pin>
        <pin>
            <connector>P4</connector>
            <secondarymodulename>None</secondarymodulename>
            <secondaryfunctionname>Not Used</secondaryfunctionname>
            <secondaryinstance> 0</secondaryinstance>
        </pin>
        <pin>
            <connector>P4</connector>
            <secondarymodulename>None</secondarymodulename>
            <secondaryfunctionname>Not Used</secondaryfunctionname>
            <secondaryinstance> 0</secondaryinstance>
        </pin>
        <pin>
            <connector>P4</connector>
            <secondarymodulename>None</secondarymodulename>
            <secondaryfunctionname>Not Used</secondaryfunctionname>
            <secondaryinstance> 0</secondaryinstance>
        </pin>
        <pin>
            <connector>P4</connector>
            <secondarymodulename>None</secondarymodulename>
            <secondaryfunctionname>Not Used</secondaryfunctionname>
            <secondaryinstance> 0</secondaryinstance>
        </pin>
        <pin>
            <connector>P4</connector>
            <secondarymodulename>None</secondarymodulename>
            <secondaryfunctionname>Not Used</secondaryfunctionname>
            <secondaryinstance> 0</secondaryinstance>
        </pin>
        <pin>
            <connector>P4</connector>
            <secondarymodulename>None</secondarymodulename>
            <secondaryfunctionname>Not Used</secondaryfunctionname>
            <secondaryinstance> 0</secondaryinstance>
        </pin>
        <pin>
            <connector>P4</connector>
            <secondarymodulename>None</secondarymodulename>
            <secondaryfunctionname>Not Used</secondaryfunctionname>
            <secondaryinstance> 0</secondaryinstance>
        </pin>
        <pin>
            <connector>P4</connector>
            <secondarymodulename>None</secondarymodulename>
            <secondaryfunctionname>Not Used</secondaryfunctionname>
            <secondaryinstance> 0</secondaryinstance>
        </pin>
        <pin>
            <connector>P4</connector>
            <secondarymodulename>None</secondarymodulename>
            <secondaryfunctionname>Not Used</secondaryfunctionname>
            <secondaryinstance> 0</secondaryinstance>
        </pin>
        <pin>
            <connector>P4</connector>
            <secondarymodulename>None</secondarymodulename>
            <secondaryfunctionname>Not Used</secondaryfunctionname>
            <secondaryinstance> 0</secondaryinstance>
        </pin>
        <pin>
            <connector>P4</connector>
            <secondarymodulename>None</secondarymodulename>
            <secondaryfunctionname>Not Used</secondaryfunctionname>
            <secondaryinstance> 0</secondaryinstance>
        </pin>
    </pins>
</hostmot2>