<?xml version="1.0"?>
<hostmot2>
    <boardname>5i25</boardname>
    <ioports>2</ioports>
    <iowidth>34</iowidth>
    <portwidth>17</portwidth>
    <clocklow>33333333</clocklow>
    <clockhigh>200000000</clockhigh>
    <modules>
        <module>
            <tagname>IOPort</tagname>
            <numinstances> 2</numinstances>
        </module>
        <module>
            <tagname>SSerial</tagname>
            <numinstances> 2</numinstances>
        </module>
        <module>
            <tagname>LED</tagname>
            <numinstances> 1</numinstances>
        </module><module>
            <tagname>None</tagname>
            <numinstances> 1</numinstances>
        </module>
    </modules>
    <pins>
        <pin>
            <connector>P3</connector>
            <secondarymodulename>SSerial</secondarymodulename>
            <secondaryfunctionname>RXData1 (in)</secondaryfunctionname>
            <secondaryinstance> 0</secondaryinstance>
        </pin>
        <pin>
            <connector>P3</connector>
            <secondarymodulename>SSerial</secondarymodulename>
            <secondaryfunctionname>RXData2 (in)</secondaryfunctionname>
            <secondaryinstance> 0</secondaryinstance>
        </pin>
        <pin>
            <connector>P3</connector>
            <secondarymodulename>SSerial</secondarymodulename>
            <secondaryfunctionname>RXData3 (in)</secondaryfunctionname>
            <secondaryinstance> 0</secondaryinstance>
        </pin>
        <pin>
            <connector>P3</connector>
            <secondarymodulename>SSerial</secondarymodulename>
            <secondaryfunctionname>RXData4 (in)</secondaryfunctionname>
            <secondaryinstance> 0</secondaryinstance>
        </pin>
        <pin>
            <connector>P3</connector>
            <secondarymodulename>SSerial</secondarymodulename>
            <secondaryfunctionname>TXData1 (out)</secondaryfunctionname>
            <secondaryinstance> 0</secondaryinstance>
        </pin>
        <pin>
            <connector>P3</connector>
            <secondarymodulename>SSerial</secondarymodulename>
            <secondaryfunctionname>TXData2 (out)</secondaryfunctionname>
            <secondaryinstance> 0</secondaryinstance>
        </pin>
        <pin>
            <connector>P3</connector>
            <secondarymodulename>SSerial</secondarymodulename>
            <secondaryfunctionname>TXData3 (out)</secondaryfunctionname>
            <secondaryinstance> 0</secondaryinstance>
        </pin>
        <pin>
            <connector>P3</connector>
            <secondarymodulename>SSerial</secondarymodulename>
            <secondaryfunctionname>TXData4 (out)</secondaryfunctionname>
            <secondaryinstance> 0</secondaryinstance>
        </pin>
        <pin>
            <connector>P3</connector>
            <secondarymodulename>SSerial</secondarymodulename>
            <secondaryfunctionname>RXData5 (in)</secondaryfunctionname>
            <secondaryinstance> 0</secondaryinstance>
        </pin>
        <pin>
            <connector>P3</connector>
            <secondarymodulename>SSerial</secondarymodulename>
            <secondaryfunctionname>RXData6 (in)</secondaryfunctionname>
            <secondaryinstance> 0</secondaryinstance>
        </pin>
        <pin>
            <connector>P3</connector>
            <secondarymodulename>SSerial</secondarymodulename>
            <secondaryfunctionname>RXData7 (in)</secondaryfunctionname>
            <secondaryinstance> 0</secondaryinstance>
        </pin>
        <pin>
            <connector>P3</connector>
            <secondarymodulename>SSerial</secondarymodulename>
            <secondaryfunctionname>RXData8 (in)</secondaryfunctionname>
            <secondaryinstance> 0</secondaryinstance>
        </pin>
        <pin>
            <connector>P3</connector>
            <secondarymodulename>SSerial</secondarymodulename>
            <secondaryfunctionname>TXData5 (out)</secondaryfunctionname>
            <secondaryinstance> 0</secondaryinstance>
        </pin>
        <pin>
            <connector>P3</connector>
            <secondarymodulename>SSerial</secondarymodulename>
            <secondaryfunctionname>TXData6 (out)</secondaryfunctionname>
            <secondaryinstance> 0</secondaryinstance>
        </pin>
        <pin>
            <connector>P3</connector>
            <secondarymodulename>SSerial</secondarymodulename>
            <secondaryfunctionname>TXData7 (out)</secondaryfunctionname>
            <secondaryinstance> 0</secondaryinstance>
        </pin>
        <pin>
            <connector>P3</connector>
            <secondarymodulename>SSerial</secondarymodulename>
            <secondaryfunctionname>TXData8 (out)</secondaryfunctionname>
            <secondaryinstance> 0</secondaryinstance>
        </pin>
        <pin>
            <connector>P3</connector>
            <secondarymodulename>SSerial</secondarymodulename>
            <secondaryfunctionname>TXEn8 (out)</secondaryfunctionname>
            <secondaryinstance> 0</secondaryinstance>
        </pin>
        <pin>
            <connector>P2</connector>
            <secondarymodulename>SSerial</secondarymodulename>
            <secondaryfunctionname>RXData1 (in)</secondaryfunctionname>
            <secondaryinstance> 1</secondaryinstance>
        </pin>
        <pin>
            <connector>P2</connector>
            <secondarymodulename>SSerial</secondarymodulename>
            <secondaryfunctionname>RXData2 (in)</secondaryfunctionname>
            <secondaryinstance> 1</secondaryinstance>
        </pin>
        <pin>
            <connector>P2</connector>
            <secondarymodulename>SSerial</secondarymodulename>
            <secondaryfunctionname>RXData3 (in)</secondaryfunctionname>
            <secondaryinstance> 1</secondaryinstance>
        </pin>
        <pin>
            <connector>P2</connector>
            <secondarymodulename>SSerial</secondarymodulename>
            <secondaryfunctionname>RXData4 (in)</secondaryfunctionname>
            <secondaryinstance> 1</secondaryinstance>
        </pin>
        <pin>
            <connector>P2</connector>
            <secondarymodulename>SSerial</secondarymodulename>
            <secondaryfunctionname>TXData1 (out)</secondaryfunctionname>
            <secondaryinstance> 1</secondaryinstance>
        </pin>
        <pin>
            <connector>P2</connector>
            <secondarymodulename>SSerial</secondarymodulename>
            <secondaryfunctionname>TXData2 (out)</secondaryfunctionname>
            <secondaryinstance> 1</secondaryinstance>
        </pin>
        <pin>
            <connector>P2</connector>
            <secondarymodulename>SSerial</secondarymodulename>
            <secondaryfunctionname>TXData3 (out)</secondaryfunctionname>
            <secondaryinstance> 1</secondaryinstance>
        </pin>
        <pin>
            <connector>P2</connector>
            <secondarymodulename>SSerial</secondarymodulename>
            <secondaryfunctionname>TXData4 (out)</secondaryfunctionname>
            <secondaryinstance> 1</secondaryinstance>
        </pin>
        <pin>
            <connector>P2</connector>
            <secondarymodulename>SSerial</secondarymodulename>
            <secondaryfunctionname>RXData5 (in)</secondaryfunctionname>
            <secondaryinstance> 1</secondaryinstance>
        </pin>
        <pin>
            <connector>P2</connector>
            <secondarymodulename>SSerial</secondarymodulename>
            <secondaryfunctionname>RXData6 (in)</secondaryfunctionname>
            <secondaryinstance> 1</secondaryinstance>
        </pin>
        <pin>
            <connector>P2</connector>
            <secondarymodulename>SSerial</secondarymodulename>
            <secondaryfunctionname>RXData7 (in)</secondaryfunctionname>
            <secondaryinstance> 1</secondaryinstance>
        </pin>
        <pin>
            <connector>P2</connector>
            <secondarymodulename>SSerial</secondarymodulename>
            <secondaryfunctionname>RXData8 (in)</secondaryfunctionname>
            <secondaryinstance> 1</secondaryinstance>
        </pin>
        <pin>
            <connector>P2</connector>
            <secondarymodulename>SSerial</secondarymodulename>
            <secondaryfunctionname>TXData5 (out)</secondaryfunctionname>
            <secondaryinstance> 1</secondaryinstance>
        </pin>
        <pin>
            <connector>P2</connector>
            <secondarymodulename>SSerial</secondarymodulename>
            <secondaryfunctionname>TXData6 (out)</secondaryfunctionname>
            <secondaryinstance> 1</secondaryinstance>
        </pin>
        <pin>
            <connector>P2</connector>
            <secondarymodulename>SSerial</secondarymodulename>
            <secondaryfunctionname>TXData7 (out)</secondaryfunctionname>
            <secondaryinstance> 1</secondaryinstance>
        </pin>
        <pin>
            <connector>P2</connector>
            <secondarymodulename>SSerial</secondarymodulename>
            <secondaryfunctionname>TXData8 (out)</secondaryfunctionname>
            <secondaryinstance> 1</secondaryinstance>
        </pin>
        <pin>
            <connector>P2</connector>
            <secondarymodulename>SSerial</secondarymodulename>
            <secondaryfunctionname>TXEn8 (out)</secondaryfunctionname>
            <secondaryinstance> 1</secondaryinstance>
        </pin>
    </pins>
</hostmot2>